{
  "schedule": "constant",
  "seed": 123,
  "epoch": [
    0,
    1,
    2,
    3,
    4,
    5,
    6,
    7,
    8,
    9,
    10,
    11,
    12,
    13,
    14,
    15,
    16,
    17,
    18,
    19,
    20,
    21,
    22,
    23,
    24,
    25,
    26,
    27,
    28,
    29,
    30,
    31,
    32,
    33,
    34,
    35,
    36,
    37,
    38,
    39,
    40,
    41,
    42,
    43,
    44,
    45,
    46,
    47,
    48,
    49,
    50,
    51,
    52,
    53,
    54,
    55,
    56,
    57,
    58,
    59,
    60,
    61,
    62,
    63,
    64,
    65,
    66,
    67,
    68,
    69,
    70,
    71,
    72,
    73,
    74,
    75,
    76,
    77,
    78,
    79,
    80,
    81,
    82,
    83,
    84,
    85,
    86,
    87,
    88,
    89,
    90,
    91,
    92,
    93,
    94,
    95,
    96,
    97,
    98,
    99
  ],
  "lr": [
    0.1,
    0.1,
    0.1,
    0.1,
    0.1,
    0.1,
    0.1,
    0.1,
    0.1,
    0.1,
    0.1,
    0.1,
    0.1,
    0.1,
    0.1,
    0.1,
    0.1,
    0.1,
    0.1,
    0.1,
    0.1,
    0.1,
    0.1,
    0.1,
    0.1,
    0.1,
    0.1,
    0.1,
    0.1,
    0.1,
    0.1,
    0.1,
    0.1,
    0.1,
    0.1,
    0.1,
    0.1,
    0.1,
    0.1,
    0.1,
    0.1,
    0.1,
    0.1,
    0.1,
    0.1,
    0.1,
    0.1,
    0.1,
    0.1,
    0.1,
    0.1,
    0.1,
    0.1,
    0.1,
    0.1,
    0.1,
    0.1,
    0.1,
    0.1,
    0.1,
    0.1,
    0.1,
    0.1,
    0.1,
    0.1,
    0.1,
    0.1,
    0.1,
    0.1,
    0.1,
    0.1,
    0.1,
    0.1,
    0.1,
    0.1,
    0.1,
    0.1,
    0.1,
    0.1,
    0.1,
    0.1,
    0.1,
    0.1,
    0.1,
    0.1,
    0.1,
    0.1,
    0.1,
    0.1,
    0.1,
    0.1,
    0.1,
    0.1,
    0.1,
    0.1,
    0.1,
    0.1,
    0.1,
    0.1,
    0.1
  ],
  "train_loss": [
    0.6864617766362231,
    0.4245796083556532,
    0.3636779125550347,
    0.3329114884985567,
    0.3083822259688264,
    0.2974426472356534,
    0.28936422393785266,
    0.28260508546897023,
    0.2795426198656525,
    0.27479530757919873,
    0.26903783053300956,
    0.26894218810079223,
    0.2685748696750939,
    0.26562456525332556,
    0.26517000469551266,
    0.2564608131257279,
    0.2580502738037381,
    0.2543864809506312,
    0.2540415956228265,
    0.2525086158542271,
    0.24834030584136457,
    0.2568043187190006,
    0.24998777575119976,
    0.2506128560169048,
    0.2528538395301991,
    0.24292080732883437,
    0.2475140940804052,
    0.24878100302264589,
    0.24512791019197888,
    0.24078208469384088,
    0.23826015355745198,
    0.24347116137850341,
    0.2381386289381868,
    0.24122848301702202,
    0.236673692391382,
    0.2344210665514119,
    0.23351124253883182,
    0.24639879318916402,
    0.24661004642174708,
    0.2411808317165239,
    0.2409040024636481,
    0.24656035917065156,
    0.24068026802551126,
    0.2382513928752375,
    0.23807659565131245,
    0.23570129374192225,
    0.2376753801559385,
    0.23862715545706276,
    0.24100030577295764,
    0.2409640329567742,
    0.24294434583158855,
    0.24191796673700142,
    0.240554567903139,
    0.2369724219020509,
    0.2406789137147614,
    0.24112288484358674,
    0.23546726627372452,
    0.23231708883391738,
    0.2362077077983115,
    0.23365308874026294,
    0.23559963025187994,
    0.23308755711639098,
    0.23059329906063622,
    0.23197597455921895,
    0.23174477576926986,
    0.2301711474690957,
    0.23116461042826775,
    0.22905848680231808,
    0.22991795654262975,
    0.22637662058475458,
    0.22894909130453497,
    0.23083186220218785,
    0.23224403338409713,
    0.227765915588745,
    0.2343846223365639,
    0.2336487041971695,
    0.23769958663325738,
    0.23158519436115338,
    0.23618889469388538,
    0.23215412525062878,
    0.23973454471448022,
    0.23976433326565258,
    0.23152170234946842,
    0.23015651579999247,
    0.22969184427464742,
    0.2287208388484485,
    0.22683273601870965,
    0.23469316719267605,
    0.2304413363125652,
    0.2252044462338443,
    0.22998113520619992,
    0.22975697354259084,
    0.23315573790909555,
    0.23099105851062665,
    0.23873652609603666,
    0.23234510153390786,
    0.2357297847621249,
    0.22782106393886403,
    0.22805627135303913,
    0.2303080996630881
  ],
  "train_acc": [
    75.46481481481482,
    84.87222222222222,
    87.05925925925926,
    88.31666666666666,
    89.18888888888888,
    89.59444444444445,
    89.93148148148148,
    90.09444444444445,
    90.23518518518519,
    90.42592592592592,
    90.64444444444445,
    90.46666666666667,
    90.65185185185184,
    90.6462962962963,
    90.65185185185184,
    90.99074074074075,
    90.9,
    91.05555555555556,
    91.14259259259259,
    91.06666666666666,
    91.34814814814816,
    91.17222222222222,
    91.3,
    91.2074074074074,
    91.2611111111111,
    91.48148148148148,
    91.36666666666666,
    91.22592592592592,
    91.54444444444445,
    91.54074074074074,
    91.6574074074074,
    91.48518518518519,
    91.76481481481481,
    91.67777777777778,
    91.76296296296296,
    91.86851851851851,
    91.85555555555555,
    91.3425925925926,
    91.35555555555555,
    91.62962962962963,
    91.57407407407408,
    91.42037037037036,
    91.6537037037037,
    91.77407407407408,
    91.6962962962963,
    91.65185185185184,
    91.6537037037037,
    91.71296296296296,
    91.46111111111111,
    91.58703703703704,
    91.52777777777777,
    91.57777777777778,
    91.59444444444445,
    91.72962962962963,
    91.49814814814815,
    91.66851851851852,
    91.79814814814814,
    91.97037037037038,
    91.77777777777777,
    91.91111111111111,
    91.83888888888889,
    91.91481481481482,
    92.03333333333333,
    91.9074074074074,
    92.02407407407408,
    91.92592592592592,
    91.96666666666667,
    92.00925925925925,
    92.01851851851852,
    92.19814814814815,
    91.98518518518519,
    91.99444444444444,
    91.84814814814816,
    92.03148148148148,
    91.86851851851851,
    91.77222222222223,
    91.62407407407407,
    91.87777777777778,
    91.83518518518518,
    91.96481481481482,
    91.65555555555555,
    91.65925925925926,
    91.98148148148148,
    91.96851851851852,
    92.01851851851852,
    92.11481481481482,
    92.08333333333333,
    91.81851851851852,
    91.96481481481482,
    92.1462962962963,
    91.9,
    92.0,
    92.00185185185185,
    91.88888888888889,
    91.68703703703704,
    91.91666666666667,
    91.77407407407408,
    92.12407407407407,
    92.0925925925926,
    92.0
  ],