{
  "schedule": "constant",
  "seed": 42,
  "epoch": [
    0,
    1,
    2,
    3,
    4,
    5,
    6,
    7,
    8,
    9,
    10,
    11,
    12,
    13,
    14,
    15,
    16,
    17,
    18,
    19,
    20,
    21,
    22,
    23,
    24,
    25,
    26,
    27,
    28,
    29,
    30,
    31,
    32,
    33,
    34,
    35,
    36,
    37,
    38,
    39,
    40,
    41,
    42,
    43,
    44,
    45,
    46,
    47,
    48,
    49,
    50,
    51,
    52,
    53,
    54,
    55,
    56,
    57,
    58,
    59,
    60,
    61,
    62,
    63,
    64,
    65,
    66,
    67,
    68,
    69,
    70,
    71,
    72,
    73,
    74,
    75,
    76,
    77,
    78,
    79,
    80,
    81,
    82,
    83,
    84,
    85,
    86,
    87,
    88,
    89,
    90,
    91,
    92,
    93,
    94,
    95,
    96,
    97,
    98,
    99
  ],
  "lr": [
    0.1,
    0.1,
    0.1,
    0.1,
    0.1,
    0.1,
    0.1,
    0.1,
    0.1,
    0.1,
    0.1,
    0.1,
    0.1,
    0.1,
    0.1,
    0.1,
    0.1,
    0.1,
    0.1,
    0.1,
    0.1,
    0.1,
    0.1,
    0.1,
    0.1,
    0.1,
    0.1,
    0.1,
    0.1,
    0.1,
    0.1,
    0.1,
    0.1,
    0.1,
    0.1,
    0.1,
    0.1,
    0.1,
    0.1,
    0.1,
    0.1,
    0.1,
    0.1,
    0.1,
    0.1,
    0.1,
    0.1,
    0.1,
    0.1,
    0.1,
    0.1,
    0.1,
    0.1,
    0.1,
    0.1,
    0.1,
    0.1,
    0.1,
    0.1,
    0.1,
    0.1,
    0.1,
    0.1,
    0.1,
    0.1,
    0.1,
    0.1,
    0.1,
    0.1,
    0.1,
    0.1,
    0.1,
    0.1,
    0.1,
    0.1,
    0.1,
    0.1,
    0.1,
    0.1,
    0.1,
    0.1,
    0.1,
    0.1,
    0.1,
    0.1,
    0.1,
    0.1,
    0.1,
    0.1,
    0.1,
    0.1,
    0.1,
    0.1,
    0.1,
    0.1,
    0.1,
    0.1,
    0.1,
    0.1,
    0.1
  ],
  "train_loss": [
    0.6585194369627966,
    0.39839486431736515,
    0.3466384379784643,
    0.3195775546027586,
    0.30348617933090266,
    0.29565987562963747,
    0.2831638720221994,
    0.2781848161706427,
    0.276196801266964,
    0.2692573177164765,
    0.2661351671009832,
    0.2615850331941487,
    0.2574216636577489,
    0.2604043981616531,
    0.2568028243655842,
    0.25334193186737347,
    0.2509133662516472,
    0.25410316086493395,
    0.25337728808558946,
    0.25200021168066994,
    0.2536991423622692,
    0.2543549004465483,
    0.24929520014620504,
    0.24499742361889065,
    0.24330822120628084,
    0.2485426684832686,
    0.24849196873004967,
    0.2433753711352416,
    0.24174347894169143,
    0.24992169333860206,
    0.24583484705590525,
    0.24487634871808273,
    0.24180734701348708,
    0.24037646399855048,
    0.23990781372192346,
    0.23684055686561983,
    0.238978363608862,
    0.24426260971910016,
    0.23981719305165006,
    0.23639162478006281,
    0.2394839391041706,
    0.235651771851343,
    0.2358920286052035,
    0.2337489144355765,
    0.23742379085712523,
    0.2350186462650932,
    0.23524100033310352,
    0.2338031907499684,
    0.233881668598166,
    0.22989213487830773,
    0.23252766261592295,
    0.2281012663626558,
    0.22959033071429807,
    0.23293122635068486,
    0.23020300537489036,
    0.22900980463807616,
    0.2294115056217564,
    0.2282113850257973,
    0.22965391481657163,
    0.24541340549410237,
    0.23727629923425014,
    0.23238683869770918,
    0.23767044886028596,
    0.23594160370917117,
    0.23159961134054086,
    0.22857870147409032,
    0.2343876955774723,
    0.23392464128715731,
    0.2276554751735163,
    0.229005475179844,
    0.2295901242166899,
    0.22902787776919903,
    0.22797113762930107,
    0.23369428035207268,
    0.22904446685766156,
    0.2249733967379936,
    0.23475035043406825,
    0.22695684432983398,
    0.2301791403530898,
    0.2323853315617801,
    0.23217850513932828,
    0.2287399708094755,
    0.22454236511370582,
    0.22768919367643328,
    0.2277338974425013,
    0.23789634785098487,
    0.2361534874162403,
    0.23121106970649194,
    0.22807518205654,
    0.22979966801772186,
    0.22711234910510728,
    0.2272947265709181,
    0.22569799642144786,
    0.22764342959740716,
    0.23173389198938252,
    0.22579921202919495,
    0.2319180240139577,
    0.23476677596286574,
    0.2389433821795676,
    0.22814303989658988
  ],
  "train_acc": [
    76.44259259259259,
    85.68703703703704,
    87.77962962962962,
    88.79814814814814,
    89.45925925925926,
    89.68888888888888,
    90.12222222222222,
    90.30555555555556,
    90.16666666666667,
    90.52777777777777,
    90.70185185185186,
    90.95185185185186,
    90.94259259259259,
    91.03148148148148,
    90.98333333333333,
    91.15185185185184,
    91.18148148148148,
    91.19074074074074,
    91.15,
    91.27407407407408,
    91.08518518518518,
    91.24074074074075,
    91.39444444444445,
    91.3425925925926,
    91.5925925925926,
    91.32407407407408,
    91.43518518518519,
    91.52407407407408,
    91.68518518518519,
    91.31111111111112,
    91.5,
    91.5,
    91.65555555555555,
    91.62407407407407,
    91.70185185185186,
    91.72777777777777,
    91.7462962962963,
    91.51851851851852,
    91.62037037037037,
    91.77592592592593,
    91.70185185185186,
    91.87962962962963,
    91.78148148148148,
    91.75555555555556,
    91.82592592592593,
    91.82592592592593,
    91.85,
    91.82777777777778,
    91.82407407407408,
    92.1,
    91.97592592592592,
    92.09814814814816,
    92.01481481481481,
    91.95925925925926,
    92.01481481481481,
    92.14814814814815,
    91.90925925925926,
    92.0925925925926,
    92.03888888888889,
    91.53333333333333,
    91.78333333333333,
    91.95925925925926,
    91.73148148148148,
    91.82037037037037,
    91.95,
    92.02592592592593,
    91.94074074074074,
    91.78888888888889,
    92.05925925925926,
    92.03148148148148,
    92.02777777777777,
    92.05740740740741,
    92.21666666666667,
    91.97222222222223,
    91.99444444444444,
    92.12407407407407,
    91.88518518518518,
    92.1,
    92.03148148148148,
    91.99259259259259,
    91.99259259259259,
    92.07222222222222,
    92.12222222222222,
    91.97962962962963,
    92.14259259259259,
    91.77592592592593,
    91.73703703703704,
    92.05,
    92.15185185185184,
    92.02222222222223,
    92.21111111111111,
    92.02407407407408,
    92.18148148148148,
    92.09814814814816,
    91.96851851851852,
    92.17222222222222,
    91.92222222222222,
    91.88148148148149,
    91.76296296296296,
    91.92407407407407
  ],