{
  "schedule": "cosine",
  "seed": 123,
  "epoch": [
    0,
    1,
    2,
    3,
    4,
    5,
    6,
    7,
    8,
    9,
    10,
    11,
    12,
    13,
    14,
    15,
    16,
    17,
    18,
    19,
    20,
    21,
    22,
    23,
    24,
    25,
    26,
    27,
    28,
    29,
    30,
    31,
    32,
    33,
    34,
    35,
    36,
    37,
    38,
    39,
    40,
    41,
    42,
    43,
    44,
    45,
    46,
    47,
    48,
    49,
    50,
    51,
    52,
    53,
    54,
    55,
    56,
    57,
    58,
    59,
    60,
    61,
    62,
    63,
    64,
    65,
    66,
    67,
    68,
    69,
    70,
    71,
    72,
    73,
    74,
    75,
    76,
    77,
    78,
    79,
    80,
    81,
    82,
    83,
    84,
    85,
    86,
    87,
    88,
    89,
    90,
    91,
    92,
    93,
    94,
    95,
    96,
    97,
    98,
    99
  ],
  "lr": [
    0.0999753526902683,
    0.09990143508499218,
    0.09977832013192386,
    0.0996061293306582,
    0.09938503261272714,
    0.09911524817389802,
    0.09879704225884045,
    0.09843072889837513,
    0.09801666959956332,
    0.09755527298894293,
    0.09704699440926357,
    0.09649233547011815,
    0.09589184355291484,
    0.09524611127067767,
    0.09455577588320897,
    0.09382151866819098,
    0.093044064248847,
    0.09222417987882567,
    0.09136267468501438,
    0.09046039886902865,
    0.08951824286816575,
    0.0885371364766507,
    0.08751804792804148,
    0.08646198293969953,
    0.08536998372026806,
    0.08424312794113802,
    0.08308252767291642,
    0.08188932828794707,
    0.0806647073299662,
    0.07940987335200905,
    0.07812606472371394,
    0.07681454840920089,
    0.07547661871673106,
    0.07411359602138069,
    0.07272682546199037,
    0.07131767561367539,
    0.0698875371372073,
    0.0684378214065997,
    0.06696995911625234,
    0.06548539886902865,
    0.06398560574665954,
    0.062472059863884516,
    0.06094625490775733,
    0.05940969666355698,
    0.05786390152875956,
    0.056310395016537035,
    0.054750710250259814,
    0.05318638645048923,
    0.05161896741595253,
    0.050050000000000025,
    0.04848103258404752,
    0.046913613549510826,
    0.045349289749740236,
    0.04378960498346303,
    0.04223609847124049,
    0.04069030333644308,
    0.03915374509224274,
    0.03762794013611552,
    0.03611439425334052,
    0.03461460113097141,
    0.03313004088374771,
    0.03166217859340037,
    0.030212462862792718,
    0.028782324386324633,
    0.027373174538009654,
    0.02598640397861933,
    0.024623381283268967,
    0.02328545159079912,
    0.021973935276286088,
    0.020690126647990987,
    0.019435292670033834,
    0.01821067171205296,
    0.01701747232708361,
    0.01585687205886201,
    0.014730016279731965,
    0.013638017060300513,
    0.01258195207195855,
    0.01156286352334934,
    0.01058175713183427,
    0.009639601130971386,
    0.008737325314985648,
    0.007875820121174363,
    0.007055935751153014,
    0.0062784813318090184,
    0.005544224116791033,
    0.004853888729322337,
    0.0042081564470851564,
    0.0036076645298818476,
    0.003053005590736441,
    0.002544727011057083,
    0.0020833304004367007,
    0.0016692711016248845,
    0.001302957741159572,
    0.000984751826101999,
    0.0007149673872728743,
    0.0004938706693418358,
    0.0003216798680761543,
    0.0001985649150078357,
    0.0001246473097317066,
    0.0001
  ],
  "train_loss": [
    0.6864617766362231,
    0.4217046802925273,
    0.3626831114574631,
    0.32880633991758973,
    0.3048350241088189,
    0.2926428776357976,
    0.28714108113993964,
    0.28532105839647953,
    0.28079499756272935,
    0.27531526792105904,
    0.267835676387588,
    0.2657871848034068,
    0.25999069665845537,
    0.2602679783840315,
    0.2588944623679346,
    0.2527969635634626,
    0.25074368835343,
    0.2520402689680669,
    0.24599471674146245,
    0.24461568376464302,
    0.24494910430851705,
    0.24631839531575334,
    0.23785897708052142,
    0.23555820339946384,
    0.2351588314460917,
    0.2347958749645694,
    0.233477966762832,
    0.2362487814720208,
    0.2332768464257932,
    0.2285892519905669,
    0.2272923291435739,
    0.22926295884130124,
    0.2275439957730578,
    0.227583878201331,
    0.22174453700040753,
    0.21770043353333857,
    0.2171244789356304,
    0.2182444754934989,
    0.21873380808751164,
    0.2142491477290036,
    0.21522669423530452,
    0.21315608360756064,
    0.21077302232455303,
    0.21114294428678484,
    0.20607276486841988,
    0.21446734236032478,
    0.21439028160549453,
    0.20432578952391567,
    0.203880666839003,
    0.20358134216465656,
    0.20130434907725636,
    0.1995839620300379,
    0.19617881428150205,
    0.19230026532829655,
    0.19526273269930158,
    0.1918298777245797,
    0.19108796758815574,
    0.18485643739383933,
    0.18636230227506556,
    0.1825703463353817,
    0.17873854536157083,
    0.17649102119190432,
    0.17358314196504124,
    0.1755871427426406,
    0.1725311734806305,
    0.17238308326892943,
    0.16587271467204343,
    0.16628162004936362,
    0.16236738892386876,
    0.16114245623491386,
    0.15825424654082665,
    0.15849903653159525,
    0.15253035501704962,
    0.15001797916199924,
    0.14888451827504623,
    0.14724257877935165,
    0.14509914100382001,
    0.14019844147831342,
    0.14076916689838842,
    0.13714167910023323,
    0.13198854555309666,
    0.13075203098957008,
    0.12831817094183645,
    0.12724069068075922,
    0.12287992193094362,
    0.12072010790284776,
    0.11991225864508706,
    0.11803092380270573,
    0.11518297439785365,
    0.11350943225819918,
    0.11351813619594438,
    0.11098968784956005,
    0.10915997687956733,
    0.10851332479955461,
    0.10661589721509065,
    0.10665927052285999,
    0.10792154126681423,
    0.10624225817232336,
    0.10524159244380855,
    0.10413238897001574
  ],