{
  "schedule": "cosine",
  "seed": 42,
  "epoch": [
    0,
    1,
    2,
    3,
    4,
    5,
    6,
    7,
    8,
    9,
    10,
    11,
    12,
    13,
    14,
    15,
    16,
    17,
    18,
    19,
    20,
    21,
    22,
    23,
    24,
    25,
    26,
    27,
    28,
    29,
    30,
    31,
    32,
    33,
    34,
    35,
    36,
    37,
    38,
    39,
    40,
    41,
    42,
    43,
    44,
    45,
    46,
    47,
    48,
    49,
    50,
    51,
    52,
    53,
    54,
    55,
    56,
    57,
    58,
    59,
    60,
    61,
    62,
    63,
    64,
    65,
    66,
    67,
    68,
    69,
    70,
    71,
    72,
    73,
    74,
    75,
    76,
    77,
    78,
    79,
    80,
    81,
    82,
    83,
    84,
    85,
    86,
    87,
    88,
    89,
    90,
    91,
    92,
    93,
    94,
    95,
    96,
    97,
    98,
    99
  ],
  "lr": [
    0.0999753526902683,
    0.09990143508499218,
    0.09977832013192386,
    0.0996061293306582,
    0.09938503261272714,
    0.09911524817389802,
    0.09879704225884045,
    0.09843072889837513,
    0.09801666959956332,
    0.09755527298894293,
    0.09704699440926357,
    0.09649233547011815,
    0.09589184355291484,
    0.09524611127067767,
    0.09455577588320897,
    0.09382151866819098,
    0.093044064248847,
    0.09222417987882567,
    0.09136267468501438,
    0.09046039886902865,
    0.08951824286816575,
    0.0885371364766507,
    0.08751804792804148,
    0.08646198293969953,
    0.08536998372026806,
    0.08424312794113802,
    0.08308252767291642,
    0.08188932828794707,
    0.0806647073299662,
    0.07940987335200905,
    0.07812606472371394,
    0.07681454840920089,
    0.07547661871673106,
    0.07411359602138069,
    0.07272682546199037,
    0.07131767561367539,
    0.0698875371372073,
    0.0684378214065997,
    0.06696995911625234,
    0.06548539886902865,
    0.06398560574665954,
    0.062472059863884516,
    0.06094625490775733,
    0.05940969666355698,
    0.05786390152875956,
    0.056310395016537035,
    0.054750710250259814,
    0.05318638645048923,
    0.05161896741595253,
    0.050050000000000025,
    0.04848103258404752,
    0.046913613549510826,
    0.045349289749740236,
    0.04378960498346303,
    0.04223609847124049,
    0.04069030333644308,
    0.03915374509224274,
    0.03762794013611552,
    0.03611439425334052,
    0.03461460113097141,
    0.03313004088374771,
    0.03166217859340037,
    0.030212462862792718,
    0.028782324386324633,
    0.027373174538009654,
    0.02598640397861933,
    0.024623381283268967,
    0.02328545159079912,
    0.021973935276286088,
    0.020690126647990987,
    0.019435292670033834,
    0.01821067171205296,
    0.01701747232708361,
    0.01585687205886201,
    0.014730016279731965,
    0.013638017060300513,
    0.01258195207195855,
    0.01156286352334934,
    0.01058175713183427,
    0.009639601130971386,
    0.008737325314985648,
    0.007875820121174363,
    0.007055935751153014,
    0.0062784813318090184,
    0.005544224116791033,
    0.004853888729322337,
    0.0042081564470851564,
    0.0036076645298818476,
    0.003053005590736441,
    0.002544727011057083,
    0.0020833304004367007,
    0.0016692711016248845,
    0.001302957741159572,
    0.000984751826101999,
    0.0007149673872728743,
    0.0004938706693418358,
    0.0003216798680761543,
    0.0001985649150078357,
    0.0001246473097317066,
    0.0001
  ],
  "train_loss": [
    0.6585194369627966,
    0.3970812998394266,
    0.3479094564632217,
    0.32116563201515597,
    0.30456584734374315,
    0.2996285816928222,
    0.2873411757686127,
    0.2754463163597324,
    0.270820333918124,
    0.26943706618666086,
    0.26777809476965414,
    0.26278451042717665,
    0.26123955584532843,
    0.25811845085349694,
    0.252650308312398,
    0.2511880899916328,
    0.24684874127261447,
    0.25189756188912416,
    0.2528563780242233,
    0.2480986137384487,
    0.2515069913666395,
    0.24390817634867265,
    0.24309146241836638,
    0.23966400819649628,
    0.23352417900663983,
    0.23750486235482998,
    0.2357153429239282,
    0.2325894903938917,
    0.23044386965121139,
    0.22978589814421124,
    0.22697753250881395,
    0.22522017903520034,
    0.2238794769297279,
    0.2227127287201407,
    0.22363812614108713,
    0.2218976467141608,
    0.221436952421733,
    0.21855513716195996,
    0.21534885416663654,
    0.21460976652906968,
    0.2164990770590814,
    0.21219606443321534,
    0.20784249534539137,
    0.2087280073719567,
    0.20992832034120062,
    0.2056622666205275,
    0.20405117284630148,
    0.20140214101963133,
    0.20041381313478776,
    0.19991240636291097,
    0.199445277982131,
    0.19780672945399985,
    0.19598539625581407,
    0.19965121368943797,
    0.19668784744649137,
    0.19433736610469096,
    0.18970417121857827,
    0.1869790724244728,
    0.18363567907804562,
    0.18050441128241507,
    0.17843319546272404,
    0.1775183935442242,
    0.1757586556023331,
    0.17180689561988505,
    0.16907888251882028,
    0.16698607883605912,
    0.1645731740935719,
    0.1606570654923882,
    0.16244352312308352,
    0.15980587122847117,
    0.15549752024395205,
    0.15322118377869162,
    0.14855786804904306,
    0.1457374792599,
    0.14674463451473635,
    0.1413818903585181,
    0.1387839452562174,
    0.13861125223868265,
    0.13393096738799487,
    0.1316665222788874,
    0.1291735082935383,
    0.12708691260402236,
    0.12509651775184966,
    0.12202098019315168,
    0.12019270586105885,
    0.11689213755147718,
    0.11640126893729395,
    0.11186066358151595,
    0.11202813388329547,
    0.10980295432263641,
    0.10864257881356076,
    0.10653868430598652,
    0.10622054306675473,
    0.10461780799649903,
    0.10433177166216746,
    0.10269278245514603,
    0.1022699242237055,
    0.1034276488621088,
    0.10168779839130375,
    0.1011144648089793
  ],