{
  "schedule": "exponential",
  "seed": 123,
  "epoch": [
    0,
    1,
    2,
    3,
    4,
    5,
    6,
    7,
    8,
    9,
    10,
    11,
    12,
    13,
    14,
    15,
    16,
    17,
    18,
    19,
    20,
    21,
    22,
    23,
    24,
    25,
    26,
    27,
    28,
    29,
    30,
    31,
    32,
    33,
    34,
    35,
    36,
    37,
    38,
    39,
    40,
    41,
    42,
    43,
    44,
    45,
    46,
    47,
    48,
    49,
    50,
    51,
    52,
    53,
    54,
    55,
    56,
    57,
    58,
    59,
    60,
    61,
    62,
    63,
    64,
    65,
    66,
    67,
    68,
    69,
    70,
    71,
    72,
    73,
    74,
    75,
    76,
    77,
    78,
    79,
    80,
    81,
    82,
    83,
    84,
    85,
    86,
    87,
    88,
    89,
    90,
    91,
    92,
    93,
    94,
    95,
    96,
    97,
    98,
    99
  ],
  "lr": [
    0.095,
    0.09025,
    0.0857375,
    0.08145062499999998,
    0.07737809374999999,
    0.07350918906249998,
    0.06983372960937498,
    0.06634204312890622,
    0.0630249409724609,
    0.05987369392383786,
    0.05688000922764597,
    0.05403600876626367,
    0.05133420832795048,
    0.04876749791155295,
    0.046329123015975304,
    0.04401266686517654,
    0.04181203352191771,
    0.039721431845821824,
    0.037735360253530734,
    0.035848592240854196,
    0.03405616262881148,
    0.03235335449737091,
    0.030735686772502362,
    0.029198902433877242,
    0.027738957312183378,
    0.026352009446574207,
    0.025034408974245494,
    0.023782688525533217,
    0.022593554099256556,
    0.021463876394293726,
    0.020390682574579037,
    0.019371148445850084,
    0.01840259102355758,
    0.0174824614723797,
    0.016608338398760712,
    0.015777921478822676,
    0.014989025404881541,
    0.014239574134637464,
    0.01352759542790559,
    0.012851215656510309,
    0.012208654873684792,
    0.011598222130000552,
    0.011018311023500524,
    0.010467395472325497,
    0.009944025698709221,
    0.00944682441377376,
    0.00897448319308507,
    0.008525759033430816,
    0.008099471081759275,
    0.007694497527671311,
    0.007309772651287745,
    0.006944284018723357,
    0.006597069817787189,
    0.006267216326897829,
    0.005953855510552938,
    0.005656162735025291,
    0.005373354598274026,
    0.005104686868360324,
    0.004849452524942308,
    0.004606979898695193,
    0.004376630903760433,
    0.0041577993585724116,
    0.0039499093906437905,
    0.0037524139211116006,
    0.0035647932250560204,
    0.003386553563803219,
    0.003217225885613058,
    0.0030563645913324047,
    0.0029035463617657843,
    0.002758369043677495,
    0.00262045059149362,
    0.002489428061918939,
    0.002364956658822992,
    0.002246708825881842,
    0.00213437338458775,
    0.0020276547153583622,
    0.001926271979590444,
    0.0018299583806109217,
    0.0017384604615803755,
    0.0016515374385013568,
    0.0015689605665762888,
    0.0014905125382474742,
    0.0014159869113351004,
    0.0013451875657683454,
    0.001277928187479928,
    0.0012140317781059316,
    0.001153330189200635,
    0.0010956636797406032,
    0.001040880495753573,
    0.0009888364709658944,
    0.0009393946474175996,
    0.0008924249150467197,
    0.0008478036692943836,
    0.0008054134858296644,
    0.0007651428115381812,
    0.000726885670961272,
    0.0006905413874132084,
    0.0006560143180425479,
    0.0006232136021404205,
    0.0005920529220333994
  ],
  "train_loss": [
    0.6864617766362231,
    0.4240860368403213,
    0.35859599624764865,
    0.32227191795105053,
    0.2992660056499508,
    0.2881837345271314,
    0.27743067638286484,
    0.267136747308817,
    0.26057149208552466,
    0.255357636518388,
    0.250984392389302,
    0.2490737532834871,
    0.24547780534667427,
    0.23760390281677246,
    0.2313567372436207,
    0.2261312501549156,
    0.22073030302309876,
    0.21812954361404852,
    0.2168649344647665,
    0.2153429671486407,
    0.2078829753031663,
    0.2099630360213501,
    0.20254044227690493,
    0.20011282457983323,
    0.19845027600136977,
    0.1936332682297693,
    0.19272438648611448,
    0.1902705302453154,
    0.1884409383786798,
    0.1842292940941467,
    0.18330152491681384,
    0.18032024020408566,
    0.17837416331208714,
    0.17579180030461172,
    0.17228335738888284,
    0.17009456024915687,
    0.1660404223330778,
    0.16641361926686707,
    0.16675110136586907,
    0.1604945206599778,
    0.16077278896954386,
    0.1603326086678776,
    0.15641102346622549,
    0.1540910946602505,
    0.15429564862030942,
    0.14961839728587045,
    0.1500560735568616,
    0.14583909825832359,
    0.14591686116858116,
    0.14461975678872158,
    0.14419992148028732,
    0.14232865498529226,
    0.14068108751169314,
    0.13819163130216688,
    0.13778135929062468,
    0.13605590687261374,
    0.13352392645667516,
    0.13153104473488025,
    0.13096354841762245,
    0.13048991698648127,
    0.128636569844038,
    0.12703492781985992,
    0.12609754340343565,
    0.12511769851660842,
    0.1246151490163464,
    0.12340816145683352,
    0.12250877860315604,
    0.12133174131831852,
    0.12023121994253583,
    0.1187059769839472,
    0.11690734178534051,
    0.11831167294374574,
    0.11691044052065266,
    0.11575600331852222,
    0.11637119781137643,
    0.11486995389676206,
    0.11480580139640384,
    0.11240854799323738,
    0.11302295037637955,
    0.11187664331135591,
    0.11021317391528337,
    0.1105234414268444,
    0.11041764929113795,
    0.11074724228461207,
    0.10921713612726515,
    0.10916845578152987,
    0.10949326303050416,
    0.10929417174079972,
    0.10772633411308036,
    0.10667346767480905,
    0.10634909072334732,
    0.10581474745937433,
    0.10557961128475542,
    0.1063924343347267,
    0.10445618738919073,
    0.10513962171442136,
    0.10547792090553243,
    0.10567770546999587,
    0.10385094512412898,
    0.1045894326898159
  ],