{
  "schedule": "exponential",
  "seed": 42,
  "epoch": [
    0,
    1,
    2,
    3,
    4,
    5,
    6,
    7,
    8,
    9,
    10,
    11,
    12,
    13,
    14,
    15,
    16,
    17,
    18,
    19,
    20,
    21,
    22,
    23,
    24,
    25,
    26,
    27,
    28,
    29,
    30,
    31,
    32,
    33,
    34,
    35,
    36,
    37,
    38,
    39,
    40,
    41,
    42,
    43,
    44,
    45,
    46,
    47,
    48,
    49,
    50,
    51,
    52,
    53,
    54,
    55,
    56,
    57,
    58,
    59,
    60,
    61,
    62,
    63,
    64,
    65,
    66,
    67,
    68,
    69,
    70,
    71,
    72,
    73,
    74,
    75,
    76,
    77,
    78,
    79,
    80,
    81,
    82,
    83,
    84,
    85,
    86,
    87,
    88,
    89,
    90,
    91,
    92,
    93,
    94,
    95,
    96,
    97,
    98,
    99
  ],
  "lr": [
    0.095,
    0.09025,
    0.0857375,
    0.08145062499999998,
    0.07737809374999999,
    0.07350918906249998,
    0.06983372960937498,
    0.06634204312890622,
    0.0630249409724609,
    0.05987369392383786,
    0.05688000922764597,
    0.05403600876626367,
    0.05133420832795048,
    0.04876749791155295,
    0.046329123015975304,
    0.04401266686517654,
    0.04181203352191771,
    0.039721431845821824,
    0.037735360253530734,
    0.035848592240854196,
    0.03405616262881148,
    0.03235335449737091,
    0.030735686772502362,
    0.029198902433877242,
    0.027738957312183378,
    0.026352009446574207,
    0.025034408974245494,
    0.023782688525533217,
    0.022593554099256556,
    0.021463876394293726,
    0.020390682574579037,
    0.019371148445850084,
    0.01840259102355758,
    0.0174824614723797,
    0.016608338398760712,
    0.015777921478822676,
    0.014989025404881541,
    0.014239574134637464,
    0.01352759542790559,
    0.012851215656510309,
    0.012208654873684792,
    0.011598222130000552,
    0.011018311023500524,
    0.010467395472325497,
    0.009944025698709221,
    0.00944682441377376,
    0.00897448319308507,
    0.008525759033430816,
    0.008099471081759275,
    0.007694497527671311,
    0.007309772651287745,
    0.006944284018723357,
    0.006597069817787189,
    0.006267216326897829,
    0.005953855510552938,
    0.005656162735025291,
    0.005373354598274026,
    0.005104686868360324,
    0.004849452524942308,
    0.004606979898695193,
    0.004376630903760433,
    0.0041577993585724116,
    0.0039499093906437905,
    0.0037524139211116006,
    0.0035647932250560204,
    0.003386553563803219,
    0.003217225885613058,
    0.0030563645913324047,
    0.0029035463617657843,
    0.002758369043677495,
    0.00262045059149362,
    0.002489428061918939,
    0.002364956658822992,
    0.002246708825881842,
    0.00213437338458775,
    0.0020276547153583622,
    0.001926271979590444,
    0.0018299583806109217,
    0.0017384604615803755,
    0.0016515374385013568,
    0.0015689605665762888,
    0.0014905125382474742,
    0.0014159869113351004,
    0.0013451875657683454,
    0.001277928187479928,
    0.0012140317781059316,
    0.001153330189200635,
    0.0010956636797406032,
    0.001040880495753573,
    0.0009888364709658944,
    0.0009393946474175996,
    0.0008924249150467197,
    0.0008478036692943836,
    0.0008054134858296644,
    0.0007651428115381812,
    0.000726885670961272,
    0.0006905413874132084,
    0.0006560143180425479,
    0.0006232136021404205,
    0.0005920529220333994
  ],
  "train_loss": [
    0.6585194369627966,
    0.39701661368681923,
    0.34620619710022804,
    0.31563005557557416,
    0.29982119622106235,
    0.2849845439195633,
    0.2750079469375701,
    0.2657400820916298,
    0.26104353615457976,
    0.2553243127903102,
    0.248321196479255,
    0.24274312030365117,
    0.23578114136700382,
    0.23120698029113607,
    0.2326131362768146,
    0.2305991858667672,
    0.2225593166046233,
    0.22030643228953484,
    0.2176652298578154,
    0.21287878080143183,
    0.211890362238432,
    0.2092002657069979,
    0.2047263361619547,
    0.19991401791290084,
    0.20015089270345407,
    0.19805172626017395,
    0.19600355088428298,
    0.19178164573783557,
    0.1909554964770073,
    0.18542182360780182,
    0.186636355356865,
    0.17956428219215564,
    0.17957233227965955,
    0.17667724986635677,
    0.17452045078102446,
    0.16847421610242383,
    0.16780144152765591,
    0.16658561719113615,
    0.16340995858913349,
    0.16526135191391994,
    0.1605969769482929,
    0.1597323939557324,
    0.1557615591451455,
    0.15287018408425046,
    0.1525500991968747,
    0.14992047648576765,
    0.14785340096430755,
    0.14699995782561776,
    0.14448342211014853,
    0.14356718929175516,
    0.14175175953109118,
    0.14013211852848811,
    0.1366919363138235,
    0.13614354607477008,
    0.1357199874534426,
    0.13296616116264984,
    0.13114986310920443,
    0.13196900349233953,
    0.13007685746909317,
    0.1284215138139318,
    0.12725124741193808,
    0.12561484164960013,
    0.12387514919466316,
    0.12331631161731567,
    0.12188320024318605,
    0.12043725144806632,
    0.11996223523294756,
    0.12049245904972203,
    0.11845800866730405,
    0.11732253322810358,
    0.11600859841040526,
    0.11512619564177301,
    0.11287479113204785,
    0.11342593377800349,
    0.1130865638925566,
    0.11210590630981594,
    0.11073165987198952,
    0.11150948223062036,
    0.1088860856448587,
    0.10885571257621757,
    0.10915377418294338,
    0.1093286000086233,
    0.10657188908960583,
    0.10685296060067218,
    0.10652646327046987,
    0.10677922118049098,
    0.10451497621304616,
    0.10429250131144908,
    0.10440815780400099,
    0.10491717876910599,
    0.10325138641618439,
    0.10473366088776792,
    0.1036209276749342,
    0.10238517068714892,
    0.10390970689990509,
    0.10221359354412951,
    0.10231870707671789,
    0.10292773252414866,
    0.10207096402537766,
    0.10089217440635673
  ],