{
  "schedule": "step_decay",
  "seed": 123,
  "epoch": [
    0,
    1,
    2,
    3,
    4,
    5,
    6,
    7,
    8,
    9,
    10,
    11,
    12,
    13,
    14,
    15,
    16,
    17,
    18,
    19,
    20,
    21,
    22,
    23,
    24,
    25,
    26,
    27,
    28,
    29,
    30,
    31,
    32,
    33,
    34,
    35,
    36,
    37,
    38,
    39,
    40,
    41,
    42,
    43,
    44,
    45,
    46,
    47,
    48,
    49,
    50,
    51,
    52,
    53,
    54,
    55,
    56,
    57,
    58,
    59,
    60,
    61,
    62,
    63,
    64,
    65,
    66,
    67,
    68,
    69,
    70,
    71,
    72,
    73,
    74,
    75,
    76,
    77,
    78,
    79,
    80,
    81,
    82,
    83,
    84,
    85,
    86,
    87,
    88,
    89,
    90,
    91,
    92,
    93,
    94,
    95,
    96,
    97,
    98,
    99
  ],
  "lr": [
    0.1,
    0.1,
    0.1,
    0.1,
    0.1,
    0.1,
    0.1,
    0.1,
    0.1,
    0.1,
    0.1,
    0.1,
    0.1,
    0.1,
    0.1,
    0.1,
    0.1,
    0.1,
    0.1,
    0.1,
    0.1,
    0.1,
    0.1,
    0.1,
    0.1,
    0.1,
    0.1,
    0.1,
    0.1,
    0.010000000000000002,
    0.010000000000000002,
    0.010000000000000002,
    0.010000000000000002,
    0.010000000000000002,
    0.010000000000000002,
    0.010000000000000002,
    0.010000000000000002,
    0.010000000000000002,
    0.010000000000000002,
    0.010000000000000002,
    0.010000000000000002,
    0.010000000000000002,
    0.010000000000000002,
    0.010000000000000002,
    0.010000000000000002,
    0.010000000000000002,
    0.010000000000000002,
    0.010000000000000002,
    0.010000000000000002,
    0.010000000000000002,
    0.010000000000000002,
    0.010000000000000002,
    0.010000000000000002,
    0.010000000000000002,
    0.010000000000000002,
    0.010000000000000002,
    0.010000000000000002,
    0.010000000000000002,
    0.010000000000000002,
    0.0010000000000000002,
    0.0010000000000000002,
    0.0010000000000000002,
    0.0010000000000000002,
    0.0010000000000000002,
    0.0010000000000000002,
    0.0010000000000000002,
    0.0010000000000000002,
    0.0010000000000000002,
    0.0010000000000000002,
    0.0010000000000000002,
    0.0010000000000000002,
    0.0010000000000000002,
    0.0010000000000000002,
    0.0010000000000000002,
    0.0010000000000000002,
    0.0010000000000000002,
    0.0010000000000000002,
    0.0010000000000000002,
    0.0010000000000000002,
    0.0010000000000000002,
    0.0010000000000000002,
    0.0010000000000000002,
    0.0010000000000000002,
    0.0010000000000000002,
    0.0010000000000000002,
    0.0010000000000000002,
    0.0010000000000000002,
    0.0010000000000000002,
    0.0010000000000000002,
    0.00010000000000000003,
    0.00010000000000000003,
    0.00010000000000000003,
    0.00010000000000000003,
    0.00010000000000000003,
    0.00010000000000000003,
    0.00010000000000000003,
    0.00010000000000000003,
    0.00010000000000000003,
    0.00010000000000000003,
    0.00010000000000000003
  ],
  "train_loss": [
    0.6864617766362231,
    0.4245796083556532,
    0.3636779125550347,
    0.3329114884985567,
    0.3083822259688264,
    0.2974426472356534,
    0.28936422393785266,
    0.28260508546897023,
    0.2795426198656525,
    0.27479530757919873,
    0.26903783053300956,
    0.26894218810079223,
    0.2685748696750939,
    0.26562456525332556,
    0.26517000469551266,
    0.2564608131257279,
    0.2580502738037381,
    0.2543864809506312,
    0.2540415956228265,
    0.2525086158542271,
    0.24834030584136457,
    0.2568043187190006,
    0.24998777575119976,
    0.2506128560169048,
    0.2528538395301991,
    0.24292080732883437,
    0.2475140940804052,
    0.24878100302264589,
    0.24512791019197888,
    0.24078208469384088,
    0.20773625850536248,
    0.19278210542778268,
    0.18639459485691307,
    0.18296286753286117,
    0.1796798539034563,
    0.1770751651076344,
    0.1761408165379723,
    0.17464285520439465,
    0.17511734836050685,
    0.17091612609641813,
    0.16923917526317434,
    0.16863878092494622,
    0.16712606948981354,
    0.1658886561955886,
    0.1656970023332049,
    0.16354628532277465,
    0.16205366181818795,
    0.1612662995737311,
    0.1602157979003061,
    0.16086598683448763,
    0.16033969614743057,
    0.1584772038940005,
    0.15921383863094293,
    0.15642244259328072,
    0.15834618292713618,
    0.15699379128443686,
    0.1555032075087041,
    0.15322121797720967,
    0.1544040928449111,
    0.15373549447946638,
    0.1425188786186878,
    0.13945438712835312,
    0.13925348204600302,
    0.13829626284221902,
    0.13757478488141325,
    0.13671448915066878,
    0.13562723510496988,
    0.13570931825733862,
    0.13536251668257737,
    0.13467261512980078,
    0.13493915604895326,
    0.13544611978869867,
    0.1347056169645481,
    0.13419801706527645,
    0.13466185677390527,
    0.13398418466061776,
    0.1352386789228679,
    0.1338678741059597,
    0.13303393157313786,
    0.13414126991236944,
    0.13204019131818653,
    0.1324733439568095,
    0.13152039421819398,
    0.13376540422298333,
    0.13223026968291585,
    0.1310740031337286,
    0.13141644855528647,
    0.13246052892287197,
    0.13159872192483377,
    0.13078861051543628,
    0.12948752304106528,
    0.128386781131628,
    0.12774932098473418,
    0.13023875699647794,
    0.12888770688201578,
    0.12814001061057592,
    0.12938084615774065,
    0.12860382832057105,
    0.12863019596061434,
    0.1292258370049757
  ],
  "train_acc": [
    75.46481481481482,
    84.87222222222222,
    87.05925925925926,
    88.31666666666666,
    89.18888888888888,
    89.59444444444445,
    89.93148148148148,
    90.09444444444445,
    90.23518518518519,
    90.42592592592592,
    90.64444444444445,
    90.46666666666667,
    90.65185185185184,
    90.6462962962963,
    90.65185185185184,
    90.99074074074075,
    90.9,
    91.05555555555556,
    91.14259259259259,
    91.06666666666666,
    91.34814814814816,
    91.17222222222222,
    91.3,
    91.2074074074074,
    91.2611111111111,
    91.48148148148148,
    91.36666666666666,
    91.22592592592592,
    91.54444444444445,
    91.54074074074074,
    92.87592592592593,
    93.40925925925926,
    93.65,
    93.82777777777778,
    93.88888888888889,
    93.93518518518519,
    94.07592592592593,
    94.08703703703704,
    94.04629629629629,
    94.24259259259259,
    94.32592592592593,
    94.25555555555556,
    94.28518518518518,
    94.41296296296296,
    94.41296296296296,
    94.46111111111111,
    94.5537037037037,
    94.63888888888889,
    94.50740740740741,
    94.58333333333333,
    94.62777777777778,
    94.76481481481481,
    94.71481481481482,
    94.85,
    94.75925925925925,
    94.73148148148148,
    94.86851851851851,
    95.04074074074074,
    94.84074074074074,
    94.93148148148148,
    95.31851851851852,
    95.42777777777778,
    95.54629629629629,
    95.5037037037037,
    95.57777777777778,
    95.56111111111112,
    95.64444444444445,
    95.5425925925926,
    95.60925925925926,
    95.61851851851851,
    95.64074074074074,
    95.6574074074074,
    95.65185185185184,
    95.70370370370371,
    95.67037037037036,
    95.70185185185186,
    95.59814814814816,
    95.72592592592592,
    95.69814814814815,
    95.62222222222222,
    95.81481481481481,
    95.81111111111112,
    95.78518518518518,
    95.71666666666667,
    95.76296296296296,
    95.85,
    95.76851851851852,
    95.76666666666667,
    95.75740740740741,
    95.85,
    95.8037037037037,
    95.82777777777778,
    95.95,
    95.81666666666666,
    95.83148148148148,
    95.98703703703704,
    95.83888888888889,
    95.86666666666666,
    95.87222222222222,
    95.91851851851852
  ],