{
  "schedule": "step_decay",
  "seed": 42,
  "epoch": [
    0,
    1,
    2,
    3,
    4,
    5,
    6,
    7,
    8,
    9,
    10,
    11,
    12,
    13,
    14,
    15,
    16,
    17,
    18,
    19,
    20,
    21,
    22,
    23,
    24,
    25,
    26,
    27,
    28,
    29,
    30,
    31,
    32,
    33,
    34,
    35,
    36,
    37,
    38,
    39,
    40,
    41,
    42,
    43,
    44,
    45,
    46,
    47,
    48,
    49,
    50,
    51,
    52,
    53,
    54,
    55,
    56,
    57,
    58,
    59,
    60,
    61,
    62,
    63,
    64,
    65,
    66,
    67,
    68,
    69,
    70,
    71,
    72,
    73,
    74,
    75,
    76,
    77,
    78,
    79,
    80,
    81,
    82,
    83,
    84,
    85,
    86,
    87,
    88,
    89,
    90,
    91,
    92,
    93,
    94,
    95,
    96,
    97,
    98,
    99
  ],
  "lr": [
    0.1,
    0.1,
    0.1,
    0.1,
    0.1,
    0.1,
    0.1,
    0.1,
    0.1,
    0.1,
    0.1,
    0.1,
    0.1,
    0.1,
    0.1,
    0.1,
    0.1,
    0.1,
    0.1,
    0.1,
    0.1,
    0.1,
    0.1,
    0.1,
    0.1,
    0.1,
    0.1,
    0.1,
    0.1,
    0.010000000000000002,
    0.010000000000000002,
    0.010000000000000002,
    0.010000000000000002,
    0.010000000000000002,
    0.010000000000000002,
    0.010000000000000002,
    0.010000000000000002,
    0.010000000000000002,
    0.010000000000000002,
    0.010000000000000002,
    0.010000000000000002,
    0.010000000000000002,
    0.010000000000000002,
    0.010000000000000002,
    0.010000000000000002,
    0.010000000000000002,
    0.010000000000000002,
    0.010000000000000002,
    0.010000000000000002,
    0.010000000000000002,
    0.010000000000000002,
    0.010000000000000002,
    0.010000000000000002,
    0.010000000000000002,
    0.010000000000000002,
    0.010000000000000002,
    0.010000000000000002,
    0.010000000000000002,
    0.010000000000000002,
    0.0010000000000000002,
    0.0010000000000000002,
    0.0010000000000000002,
    0.0010000000000000002,
    0.0010000000000000002,
    0.0010000000000000002,
    0.0010000000000000002,
    0.0010000000000000002,
    0.0010000000000000002,
    0.0010000000000000002,
    0.0010000000000000002,
    0.0010000000000000002,
    0.0010000000000000002,
    0.0010000000000000002,
    0.0010000000000000002,
    0.0010000000000000002,
    0.0010000000000000002,
    0.0010000000000000002,
    0.0010000000000000002,
    0.0010000000000000002,
    0.0010000000000000002,
    0.0010000000000000002,
    0.0010000000000000002,
    0.0010000000000000002,
    0.0010000000000000002,
    0.0010000000000000002,
    0.0010000000000000002,
    0.0010000000000000002,
    0.0010000000000000002,
    0.0010000000000000002,
    0.00010000000000000003,
    0.00010000000000000003,
    0.00010000000000000003,
    0.00010000000000000003,
    0.00010000000000000003,
    0.00010000000000000003,
    0.00010000000000000003,
    0.00010000000000000003,
    0.00010000000000000003,
    0.00010000000000000003,
    0.00010000000000000003
  ],
  "train_loss": [
    0.6585194369627966,
    0.39839486431736515,
    0.3466384379784643,
    0.3195775546027586,
    0.30348617933090266,
    0.29565987562963747,
    0.2831638720221994,
    0.2781848161706427,
    0.276196801266964,
    0.2692573177164765,
    0.2661351671009832,
    0.2615850331941487,
    0.2574216636577489,
    0.2604043981616531,
    0.2568028243655842,
    0.25334193186737347,
    0.2509133662516472,
    0.25410316086493395,
    0.25337728808558946,
    0.25200021168066994,
    0.2536991423622692,
    0.2543549004465483,
    0.24929520014620504,
    0.24499742361889065,
    0.24330822120628084,
    0.2485426684832686,
    0.24849196873004967,
    0.2433753711352416,
    0.24174347894169143,
    0.24992169333860206,
    0.20845783816129676,
    0.19344616303511705,
    0.18843541435579553,
    0.18491451297467354,
    0.1816112075301143,
    0.17821382243910108,
    0.17649869387748682,
    0.17540636609233387,
    0.1719933113356902,
    0.17173536948118165,
    0.1686037824052205,
    0.17079254656465132,
    0.16669385615400795,
    0.1654153920674776,
    0.16508941041632286,
    0.1638581141193896,
    0.16236822409511178,
    0.16128006083140442,
    0.16139013560321094,
    0.1597184337922747,
    0.15926682680704018,
    0.15660789856131044,
    0.1562230440112652,
    0.15624618841008553,
    0.15487022514309362,
    0.15483361828666162,
    0.15407117692780156,
    0.15462360831233563,
    0.15410576089863529,
    0.15216571406871787,
    0.14130024244717512,
    0.13849886778689108,
    0.1364854084089469,
    0.13633980757393543,
    0.13439096701088674,
    0.13578970055868275,
    0.13495251762358498,
    0.13427450296014407,
    0.13438257412605376,
    0.13440973286945107,
    0.13425728007797946,
    0.13200860848359022,
    0.13202584962144281,
    0.13156749269267395,
    0.13364621428375562,
    0.13063833597712043,
    0.1316460964239039,
    0.1306330136848852,
    0.13019789338676852,
    0.13071984543478318,
    0.13063265976465144,
    0.13101468768447497,
    0.128839019527085,
    0.13059728320740976,
    0.13035144261415535,
    0.12900200613302076,
    0.12868267986305518,
    0.12889010120200886,
    0.12840628390911066,
    0.12889698504412908,
    0.12700144957168408,
    0.12761643158174804,
    0.12734960372696555,
    0.12678524689369292,
    0.12783660425394067,
    0.12684482431383495,
    0.12651252375818542,
    0.1271326294018759,
    0.12814912341217294,
    0.12553175542309386
  ],
  "train_acc": [
    76.44259259259259,
    85.68703703703704,
    87.77962962962962,
    88.79814814814814,
    89.45925925925926,
    89.68888888888888,
    90.12222222222222,
    90.30555555555556,
    90.16666666666667,
    90.52777777777777,
    90.70185185185186,
    90.95185185185186,
    90.94259259259259,
    91.03148148148148,
    90.98333333333333,
    91.15185185185184,
    91.18148148148148,
    91.19074074074074,
    91.15,
    91.27407407407408,
    91.08518518518518,
    91.24074074074075,
    91.39444444444445,
    91.3425925925926,
    91.5925925925926,
    91.32407407407408,
    91.43518518518519,
    91.52407407407408,
    91.68518518518519,
    91.31111111111112,
    92.8537037037037,
    93.4074074074074,
    93.57962962962964,
    93.72407407407407,
    93.8462962962963,
    93.99259259259259,
    93.97592592592592,
    94.10555555555555,
    94.22407407407407,
    94.26481481481481,
    94.35925925925926,
    94.35925925925926,
    94.43148148148148,
    94.53148148148148,
    94.52592592592593,
    94.50185185185185,
    94.56481481481481,
    94.59074074074074,
    94.62407407407407,
    94.68518518518519,
    94.73333333333333,
    94.74259259259259,
    94.75,
    94.77777777777777,
    94.8037037037037,
    94.92222222222222,
    94.85,
    94.79074074074074,
    94.84814814814816,
    94.98333333333333,
    95.44444444444444,
    95.49444444444444,
    95.59074074074074,
    95.62037037037037,
    95.61111111111111,
    95.71851851851852,
    95.58888888888889,
    95.67962962962963,
    95.73148148148148,
    95.75925925925925,
    95.70555555555555,
    95.82407407407408,
    95.8037037037037,
    95.82777777777778,
    95.75740740740741,
    95.87037037037037,
    95.74814814814815,
    95.85555555555555,
    95.8537037037037,
    95.84444444444445,
    95.79629629629629,
    95.72037037037038,
    95.86481481481482,
    95.84444444444445,
    95.79074074074074,
    95.85,
    95.93333333333334,
    95.85,
    95.91851851851852,
    95.9074074074074,
    95.89814814814815,
    95.99259259259259,
    95.91666666666667,
    96.02592592592593,
    95.87777777777778,
    96.04629629629629,
    96.02962962962962,
    95.88888888888889,
    95.88148148148149,
    96.0037037037037
  ],