{
  "schedule": "warm_restarts",
  "seed": 42,
  "epoch": [
    0,
    1,
    2,
    3,
    4,
    5,
    6,
    7,
    8,
    9,
    10,
    11,
    12,
    13,
    14,
    15,
    16,
    17,
    18,
    19,
    20,
    21,
    22,
    23,
    24,
    25,
    26,
    27,
    28,
    29,
    30,
    31,
    32,
    33,
    34,
    35,
    36,
    37,
    38,
    39,
    40,
    41,
    42,
    43,
    44,
    45,
    46,
    47,
    48,
    49,
    50,
    51,
    52,
    53,
    54,
    55,
    56,
    57,
    58,
    59,
    60,
    61,
    62,
    63,
    64,
    65,
    66,
    67,
    68,
    69,
    70,
    71,
    72,
    73,
    74,
    75,
    76,
    77,
    78,
    79,
    80,
    81,
    82,
    83,
    84,
    85,
    86,
    87,
    88,
    89,
    90,
    91,
    92,
    93,
    94,
    95,
    96,
    97,
    98,
    99
  ],
  "lr": [
    0.09960612933065818,
    0.09843072889837513,
    0.09649233547011817,
    0.09382151866819098,
    0.09046039886902862,
    0.0864619829396995,
    0.08188932828794705,
    0.07681454840920088,
    0.07131767561367539,
    0.06548539886902863,
    0.05940969666355696,
    0.05318638645048921,
    0.046913613549510805,
    0.04069030333644306,
    0.034614601130971395,
    0.02878232438632462,
    0.023285451590799106,
    0.018210671712052946,
    0.013638017060300503,
    0.00963960113097138,
    0.006278481331809014,
    0.003607664529881845,
    0.0016692711016248834,
    0.0004938706693418356,
    0.1,
    0.09960612933065818,
    0.09843072889837513,
    0.09649233547011817,
    0.09382151866819098,
    0.09046039886902862,
    0.0864619829396995,
    0.08188932828794705,
    0.07681454840920088,
    0.07131767561367539,
    0.06548539886902863,
    0.05940969666355696,
    0.05318638645048921,
    0.046913613549510805,
    0.04069030333644306,
    0.034614601130971395,
    0.02878232438632462,
    0.023285451590799106,
    0.018210671712052946,
    0.013638017060300503,
    0.00963960113097138,
    0.006278481331809014,
    0.003607664529881845,
    0.0016692711016248834,
    0.0004938706693418356,
    0.1,
    0.09960612933065818,
    0.09843072889837513,
    0.09649233547011817,
    0.09382151866819098,
    0.09046039886902862,
    0.0864619829396995,
    0.08188932828794705,
    0.07681454840920088,
    0.07131767561367539,
    0.06548539886902863,
    0.05940969666355696,
    0.05318638645048921,
    0.046913613549510805,
    0.04069030333644306,
    0.034614601130971395,
    0.02878232438632462,
    0.023285451590799106,
    0.018210671712052946,
    0.013638017060300503,
    0.00963960113097138,
    0.006278481331809014,
    0.003607664529881845,
    0.0016692711016248834,
    0.0004938706693418356,
    0.1,
    0.09960612933065818,
    0.09843072889837513,
    0.09649233547011817,
    0.09382151866819098,
    0.09046039886902862,
    0.0864619829396995,
    0.08188932828794705,
    0.07681454840920088,
    0.07131767561367539,
    0.06548539886902863,
    0.05940969666355696,
    0.05318638645048921,
    0.046913613549510805,
    0.04069030333644306,
    0.034614601130971395,
    0.02878232438632462,
    0.023285451590799106,
    0.018210671712052946,
    0.013638017060300503,
    0.00963960113097138,
    0.006278481331809014,
    0.003607664529881845,
    0.0016692711016248834,
    0.0004938706693418356,
    0.1
  ],
  "train_loss": [
    0.6585194369627966,
    0.3984428878644066,
    0.3462101781820234,
    0.31929116946826047,
    0.3014733322423781,
    0.287170583320455,
    0.27707612924101227,
    0.2729696943579127,
    0.26382811021465824,
    0.25838965933187313,
    0.24853224480321623,
    0.24284264346434606,
    0.23361431429453935,
    0.22559274415269281,
    0.2196064248186717,
    0.21332623311693635,
    0.20444409139630917,
    0.2000987937947585,
    0.19114897124716457,
    0.18565014244820835,
    0.17674290890236036,
    0.17257091858516937,
    0.16627418408744143,
    0.16433211536062836,
    0.16224838539039918,
    0.27701838695889963,
    0.2653890417367926,
    0.2624128414273827,
    0.25577009762350417,
    0.24889440107119593,
    0.24223025008965443,
    0.2401303605869483,
    0.24042999539612595,
    0.23685179191743028,
    0.23327668300737137,
    0.22312853135768837,
    0.21786544404888605,
    0.21063480063637285,
    0.20674405328187898,
    0.20004616388212448,
    0.1935198180271551,
    0.18619461728357026,
    0.18030313360041353,
    0.1735049322671235,
    0.1659918356845729,
    0.15933390215957335,
    0.15402604268766693,
    0.15148827793756367,
    0.14728716774998118,
    0.14458797578986787,
    0.26701230312128205,
    0.2514123716060584,
    0.24256109414507426,
    0.24544290470850977,
    0.2413656934742679,
    0.23662917485451812,
    0.22629125328001817,
    0.22328284976041712,
    0.22223294769983157,
    0.21791498945646376,
    0.21189996331788918,
    0.2075412250808065,
    0.2049328573930885,
    0.1969516130067161,
    0.18889439229575378,
    0.18311034051162936,
    0.17619322727641787,
    0.1696600823605795,
    0.1632893834775093,
    0.15774082205306864,
    0.14994503801326617,
    0.14512323796466628,
    0.13947236160107698,
    0.13616308446320313,
    0.1362601251681269,
    0.25616348171121134,
    0.2511191318667895,
    0.23767198138468637,
    0.23555616992062303,
    0.23774286645566117,
    0.23001642906552808,
    0.23061425870911206,
    0.22650547502165158,
    0.22372100950699847,
    0.2168501868702789,
    0.20637246373140417,
    0.20706444163034313,
    0.1992475099473203,
    0.1956124630584536,
    0.186749161101913,
    0.1815595428737419,
    0.1724388301372528,
    0.16692680378237043,
    0.15782449613391505,
    0.15407709699671415,
    0.1452378222092068,
    0.14084087831290412,
    0.13716301021841465,
    0.13490144763653877,
    0.13330863737523274
  ],