{
  "schedule": "warm_restarts",
  "seed": 123,
  "epoch": [
    0,
    1,
    2,
    3,
    4,
    5,
    6,
    7,
    8,
    9,
    10,
    11,
    12,
    13,
    14,
    15,
    16,
    17,
    18,
    19,
    20,
    21,
    22,
    23,
    24,
    25,
    26,
    27,
    28,
    29,
    30,
    31,
    32,
    33,
    34,
    35,
    36,
    37,
    38,
    39,
    40,
    41,
    42,
    43,
    44,
    45,
    46,
    47,
    48,
    49,
    50,
    51,
    52,
    53,
    54,
    55,
    56,
    57,
    58,
    59,
    60,
    61,
    62,
    63,
    64,
    65,
    66,
    67,
    68,
    69,
    70,
    71,
    72,
    73,
    74,
    75,
    76,
    77,
    78,
    79,
    80,
    81,
    82,
    83,
    84,
    85,
    86,
    87,
    88,
    89,
    90,
    91,
    92,
    93,
    94,
    95,
    96,
    97,
    98,
    99
  ],
  "lr": [
    0.09960612933065818,
    0.09843072889837513,
    0.09649233547011817,
    0.09382151866819098,
    0.09046039886902862,
    0.0864619829396995,
    0.08188932828794705,
    0.07681454840920088,
    0.07131767561367539,
    0.06548539886902863,
    0.05940969666355696,
    0.05318638645048921,
    0.046913613549510805,
    0.04069030333644306,
    0.034614601130971395,
    0.02878232438632462,
    0.023285451590799106,
    0.018210671712052946,
    0.013638017060300503,
    0.00963960113097138,
    0.006278481331809014,
    0.003607664529881845,
    0.0016692711016248834,
    0.0004938706693418356,
    0.1,
    0.09960612933065818,
    0.09843072889837513,
    0.09649233547011817,
    0.09382151866819098,
    0.09046039886902862,
    0.0864619829396995,
    0.08188932828794705,
    0.07681454840920088,
    0.07131767561367539,
    0.06548539886902863,
    0.05940969666355696,
    0.05318638645048921,
    0.046913613549510805,
    0.04069030333644306,
    0.034614601130971395,
    0.02878232438632462,
    0.023285451590799106,
    0.018210671712052946,
    0.013638017060300503,
    0.00963960113097138,
    0.006278481331809014,
    0.003607664529881845,
    0.0016692711016248834,
    0.0004938706693418356,
    0.1,
    0.09960612933065818,
    0.09843072889837513,
    0.09649233547011817,
    0.09382151866819098,
    0.09046039886902862,
    0.0864619829396995,
    0.08188932828794705,
    0.07681454840920088,
    0.07131767561367539,
    0.06548539886902863,
    0.05940969666355696,
    0.05318638645048921,
    0.046913613549510805,
    0.04069030333644306,
    0.034614601130971395,
    0.02878232438632462,
    0.023285451590799106,
    0.018210671712052946,
    0.013638017060300503,
    0.00963960113097138,
    0.006278481331809014,
    0.003607664529881845,
    0.0016692711016248834,
    0.0004938706693418356,
    0.1,
    0.09960612933065818,
    0.09843072889837513,
    0.09649233547011817,
    0.09382151866819098,
    0.09046039886902862,
    0.0864619829396995,
    0.08188932828794705,
    0.07681454840920088,
    0.07131767561367539,
    0.06548539886902863,
    0.05940969666355696,
    0.05318638645048921,
    0.046913613549510805,
    0.04069030333644306,
    0.034614601130971395,
    0.02878232438632462,
    0.023285451590799106,
    0.018210671712052946,
    0.013638017060300503,
    0.00963960113097138,
    0.006278481331809014,
    0.003607664529881845,
    0.0016692711016248834,
    0.0004938706693418356,
    0.1
  ],
  "train_loss": [
    0.6864617766362231,
    0.4227105735037564,
    0.3626695898189364,
    0.33133395418736605,
    0.30636451905372586,
    0.29220083807881975,
    0.2850230601020334,
    0.2719787775198995,
    0.2651064212994553,
    0.25779831953240795,
    0.250757190217904,
    0.2449693036446639,
    0.2371715137743837,
    0.2340678679999582,
    0.2267297392984702,
    0.21903671077077422,
    0.2075101403404751,
    0.19959418009525226,
    0.19406842200253246,
    0.19052106170292715,
    0.1808460962150899,
    0.1775372069664476,
    0.17218185950653248,
    0.16885783738717083,
    0.16685473512840496,
    0.27764702775467065,
    0.26632202787421894,
    0.2610325737728327,
    0.2552437225083039,
    0.24663274039589397,
    0.2452659732640072,
    0.24888347527144644,
    0.24127851744398687,
    0.23231463254345536,
    0.2269377453491021,
    0.2208453376570019,
    0.21790959357650358,
    0.21559875899864034,
    0.2081939854186858,
    0.19871934362073645,
    0.19474034682269345,
    0.18854763726063814,
    0.17864600498388164,
    0.17439560154320505,
    0.16758690604948884,
    0.15980838306283499,
    0.1556701178516822,
    0.1514470497084455,
    0.14746697511859413,
    0.14661421270167094,
    0.2658888972342297,
    0.2557526101574514,
    0.2487721445294918,
    0.2407902139481775,
    0.24561931425926245,
    0.2363807746866868,
    0.23156597249880786,
    0.2252944607587787,
    0.22323045056860594,
    0.21956464394008943,
    0.21154050906828795,
    0.20805133730879327,
    0.20258431602710797,
    0.1968174223651253,
    0.1903300126087609,
    0.18377627033334207,
    0.17699718627178274,
    0.16990287139376192,
    0.16100599846286232,
    0.156036040229255,
    0.1503553623907374,
    0.14644263409325298,
    0.13993761995674875,
    0.13765353423441756,
    0.13865600904158507,
    0.2610761944504711,
    0.24765103292691198,
    0.2485274204286919,
    0.24144528756774433,
    0.23391216710845442,
    0.2269098352623212,
    0.225937065849372,
    0.21958416940476658,
    0.21908962550038974,
    0.2121668817095847,
    0.2120290028540444,
    0.21091507036256565,
    0.2071030443596049,
    0.20650449430490558,
    0.1952526792530765,
    0.19010532096522678,
    0.17968513523515367,
    0.17282477565003798,
    0.167502477270732,
    0.15772861574215913,
    0.1532608952143746,
    0.14754264127304204,
    0.14346896009563834,
    0.14081469919726747,
    0.13945640821310015
  ],